tokens,sample,row_count
865,237,14
824,321,10
1944,229,35
2501,590,17
2272,312,28
851,247,13
1158,225,21
1857,362,20
1032,221,21
1527,242,24
5891,363,64
1072,228,16
3102,475,26
849,210,16
6318,211,135
1362,296,17
1544,206,32
1110,244,18
12032,328,158
3028,737,16
2056,324,24
973,218,16
1475,230,24
1247,346,14
634,215,12
1306,375,13
1401,215,26
3083,323,39
1645,287,23
1540,271,22
13113,626,92
907,195,18
782,243,12
807,241,13
6318,316,80
621,221,11
2307,313,28
638,183,14
1490,230,24
1070,285,14
1307,241,20
775,210,14
1420,336,18
4480,395,43
12899,432,143
826,322,10
2522,322,30
1110,309,14
1051,218,16
2925,251,50
1687,349,16
874,212,16
720,292,9
1506,153,36
797,266,11
833,218,15
2979,737,16
1101,239,17
1354,247,22
2555,342,28
1531,271,22
682,220,13
1062,307,13
1390,222,22
1527,242,24
6329,316,80
599,211,11
1428,349,14
2731,346,29
728,220,13
1455,363,14
908,200,17
951,215,20
657,240,11
849,217,15
1142,236,18
1574,306,17
733,223,11
3535,358,35
890,203,16
989,221,18
4668,349,48
1055,224,16
1966,202,41
925,195,18
1132,244,18
2264,321,31
1482,357,16
1292,311,15
841,263,12
1137,318,14
1087,304,14
1041,222,16
1564,306,17
2787,343,32
891,333,11
878,212,16
523,201,10
2644,365,32
576,157,12
797,265,12
1090,222,20
1658,287,23
1074,294,14
1435,316,17
1527,206,32
973,251,15
1144,226,22
1061,229,19
954,214,20
1994,326,23
1389,347,15
1502,208,31
872,203,16
9554,605,67
1137,234,18
4708,234,86
1391,313,16
1206,293,16
1481,244,24
843,219,15
810,248,12
4401,360,58
600,217,11
828,203,15
5559,284,76
1208,322,12
1122,217,21
2844,249,46
1149,230,20
1737,251,29
1534,202,32
3112,207,57
898,241,14
1206,331,13
3080,278,46
1035,209,21
1549,251,28
1420,336,18
1171,226,21
3109,304,43
12941,418,143
942,288,13
2097,334,26
4670,351,48
1202,229,21
1432,248,21
671,240,10
839,220,15
1612,406,14
3083,370,34
582,186,12
848,199,18
2312,310,31
872,245,13
2844,203,60
1737,295,22
2260,295,27
14829,192,329
1335,249,20
2335,350,25
844,247,13
599,168,12
1002,218,16
1517,273,22
855,232,14
6682,190,133
585,208,11
2532,203,52
1106,304,14
830,255,13
795,250,12
1518,421,13
3187,334,39
1709,288,21
4510,404,52
2125,334,26
3482,502,24
1646,252,25
1806,396,17
12236,329,150
2807,249,46
1635,234,27
3081,282,46
767,209,14
794,260,12
886,203,16
2929,325,36
837,218,15
3072,306,39
1024,208,19
1676,334,19
2337,350,25
1358,312,16
1221,191,25
846,220,14
1086,286,14
915,289,11
1063,212,19
1036,251,17
772,239,12
2501,590,17
879,223,15
1099,337,13
2156,358,23
2433,253,38
2354,432,22
2524,207,52
25019,204,549
2324,236,46
3074,253,50
1500,230,24
1079,239,17
1407,428,12
1279,269,17
935,246,15
3078,372,32
1065,163,26
1629,251,25
1372,313,16
2779,343,32
1569,311,21
1227,231,23
1490,357,16
1066,192,22
945,290,12
703,164,16
1048,308,13
2290,243,35
849,254,13
784,210,14
1318,312,13
2939,251,50
2526,320,30
1634,251,25
813,250,13
877,243,14
12947,441,143
1079,303,14
609,217,11
1243,252,20
1248,218,23
1782,403,14
1871,365,20
6336,214,135
2324,221,46
1617,251,25
1118,190,23
1551,240,28
1088,228,16
892,269,14
876,212,16
1303,282,19
1986,326,23
687,234,12
1397,312,16
984,231,15
1069,294,14
1036,246,16
793,321,10
1792,239,33
762,206,14
1924,383,19
13151,626,92
1644,288,22
5888,374,64
8114,303,107
858,213,16
801,262,12
1095,377,11
1235,359,14
1432,262,21
1211,326,12
1589,602,12
6318,316,80
969,243,15
1256,218,23
1211,280,16
1578,306,17
18931,219,364
803,218,14
1637,221,31
2912,321,36
1080,224,16
1556,306,17
925,195,18
1068,243,16
797,261,12
554,185,12
911,289,11
2286,332,28
1439,196,27
2096,177,48
1535,271,22
2263,307,31
1980,229,35
2919,326,36
895,269,12
1241,248,20
2840,203,60
585,186,12
1054,164,25
1235,280,16
2555,217,52
1019,211,17
1332,252,20
698,237,12
1460,317,16
1647,222,31
1926,383,19
6321,308,84
1015,201,21
898,242,14
999,317,11
3023,737,16
1141,236,18
1781,283,28
1054,308,13
586,162,12
9762,396,96
1339,301,17
1574,306,17
776,210,14
1026,208,19
599,171,14
6612,220,127
750,263,12
697,245,11
1034,291,14
1172,223,21
1080,302,14
907,237,14
892,218,16
2369,432,22
969,283,12
1028,229,16
3525,358,35
3070,277,46
1454,232,28
1039,215,21
653,232,11
1295,308,16
595,190,13
1094,246,17
1095,244,18
1230,316,14
4826,335,48
744,254,12
9901,448,131
2604,259,38
1629,287,23
2356,350,25
1059,222,17
864,210,16
1905,383,19
1354,296,17
583,184,13
1556,285,21
1657,223,30
880,265,12
909,245,14
1530,204,32
967,240,15
924,213,17
2933,330,36
2266,243,35
2750,312,32
19457,253,351
1027,207,19
1516,280,21
1016,246,16
1264,308,16
1160,191,25
3061,275,46
1767,268,28
1561,328,18
1400,421,12
1132,315,14
845,245,13
1163,236,18
1465,332,16
630,219,11
2615,368,27
994,235,15
1322,259,20
1127,234,18
899,351,11
1699,407,17
1329,296,17
959,214,18
1556,301,21
764,213,14
1633,251,25
1327,247,22
952,209,20
9871,448,131
3792,265,51
1156,224,20
2954,272,49
882,212,16
1442,332,16
25016,204,549
836,255,12
1106,217,20
790,255,11
1239,245,20
1753,246,29
2059,324,24
1489,408,13
1059,363,11
2747,261,41
683,210,13
2106,330,25
1079,297,14
845,203,16
1685,407,17
1483,204,31
644,222,11
748,217,14
1079,290,14
2661,449,23
3773,320,44
1114,218,21
1654,308,21
2754,261,41
701,216,11
2652,368,27
1081,376,11
1181,220,21
1977,326,23
885,257,14
631,220,11
1564,201,31
3156,330,39
7120,286,87
1151,191,25
1598,400,14
773,213,14
3024,281,32
2312,299,31
1656,234,27
13156,259,203
1074,243,16
7774,332,90
18246,251,309
845,203,16
795,223,14
1114,190,23
819,323,10
691,215,11
886,244,14
1568,293,21
1032,208,19
2351,350,25
2924,304,36
5544,255,80
855,249,13
2532,378,26
5502,255,80
2342,350,25
883,248,13
2330,224,46
1473,159,35
1207,349,12
1052,308,13
2316,301,31
953,292,12
774,242,12
744,215,14
1282,224,19
756,267,12
673,247,10
899,200,17
1000,208,18
745,219,14
2826,252,46
1598,274,23
2429,258,38
1686,366,18
2291,235,33
2265,295,27
2108,271,39
1465,332,16
891,212,16
1116,211,21
1434,191,31
1024,208,19
1335,296,17
1957,229,35
910,200,17
5132,283,78
3067,253,50
986,227,17
1541,271,22
2949,286,46
785,251,12
1168,235,21
683,150,20
806,238,13
1755,213,33
1101,222,20
1688,349,16
688,212,13
1527,242,24
3210,281,42
1667,252,25
1110,239,17
680,231,10
895,200,17
1260,321,15
1137,318,14
1550,287,21
4817,336,48
805,244,13
18273,243,309
3015,289,41
2772,299,42
2916,251,50
1074,295,14
1207,244,18
990,221,18
1652,287,23
1157,236,18
1119,296,15
1154,226,22
1674,320,18
799,193,15
5584,284,76
1414,336,18
1544,274,21
1448,266,21
1080,222,17
2327,224,46
839,284,13
1122,239,17
1094,224,20
890,218,14
638,216,11
1052,311,12
1195,287,13
1433,316,17
1622,391,14
836,257,13
2292,319,31
1077,228,16
844,226,15
7994,569,55
1749,259,27
1182,281,13
1525,414,13
837,263,13
828,205,15
1033,245,15
12502,265,208
948,301,13
1029,291,14
1388,417,12
2317,243,40
1079,224,16
694,223,11
713,207,14
1146,221,21
1440,253,21
1096,227,20
910,234,15
813,318,10
1464,232,28
9542,584,67
1028,215,21
5545,284,76
3486,502,24
1356,252,24
750,239,11
25022,204,549
1122,190,23
19469,253,351
901,221,15
750,257,11
3114,295,43
2781,299,42
2126,330,25
1309,242,20
682,223,12
1524,200,32
3114,207,57
11992,318,158
842,219,15
2342,226,46
3197,281,42
2289,313,28
1292,224,19
2722,299,32
1784,273,28
3488,502,24
832,264,13
2113,274,39
2810,254,46
2032,324,24
2742,353,29
1452,253,21
565,194,12
1447,269,21
2590,281,35
1341,301,17
818,260,12
806,265,12
2733,261,41
1803,396,17
821,261,13
1520,426,13
2828,203,60
689,241,12
1453,255,21
1094,225,19
2972,298,46
1650,252,25
1043,255,15
1228,293,16
1072,224,16
4505,425,52
826,213,15
1423,336,18
1281,269,17
1279,224,19
807,328,10
712,201,14
1285,308,15
4480,410,43
2622,212,50
566,202,11
6610,211,127
2065,324,24
1974,326,23
1605,274,23
2832,229,49
934,230,16
1137,215,21
874,203,16
1714,247,30
809,225,14
1024,229,16
2259,295,27
18218,249,309
1502,152,36
1063,295,14
2438,261,38
832,255,13
4477,412,43
2264,318,28
921,296,11
3030,277,32
672,168,15
877,251,13
1449,358,14
1066,218,16
1152,223,21
999,339,11
892,234,14
1673,366,18
23822,244,339
1034,283,14
818,316,10
1574,285,18
788,239,12
5153,283,78
3187,281,42
4107,250,68
1394,215,26
1353,277,18
1302,308,16
885,212,16
1084,229,19
1575,306,17
2693,215,50
3082,364,32
875,201,16
6480,208,131
756,268,12
664,167,15
1683,366,18
1080,163,26
1159,220,21
3489,502,24
1527,513,10
2828,255,46
850,245,12
1675,334,19
1701,237,30
3128,321,42
1857,223,34
25072,204,549
1500,369,16
850,247,12
1145,234,18
1072,222,17
835,244,13
6701,190,133
2973,278,46
1469,332,16
12956,436,143
3176,348,39
767,235,12
2567,340,28
1450,264,21
3078,367,32
879,218,16
864,252,13
956,214,18
1481,408,13
945,230,16
1243,231,23
687,268,10
863,199,18
1197,449,10
792,217,14
1246,310,14
856,218,16
2033,382,20
9474,552,67
5921,383,64
812,240,14
1377,312,16
1105,246,17
4703,290,64
1346,301,17
1099,300,14
579,181,13
2266,308,31
1077,226,20
1116,234,18
1395,421,12
1041,304,13
5560,284,76
4693,346,48
1539,203,32
740,253,11
12230,331,150
2534,271,39
1084,212,19
945,214,18
1529,242,24
1084,221,20
2295,243,40
1191,244,18
790,220,14
1474,244,24
2600,281,35
831,209,15
827,208,15
1662,334,19
1550,372,18
7747,332,90
2436,590,17
4472,400,43
9442,597,67
4443,404,43
1233,360,14
2604,357,28
3124,207,57
9652,577,68
2630,368,27
632,219,11
1592,411,14
1650,234,27
1094,239,17
891,266,12
12531,265,208
843,277,12
1526,299,20
740,201,14
1476,230,24
3810,265,51
471,178,10
584,195,12
1547,206,32
1803,428,16
2611,262,38
673,228,11
1421,353,14
674,245,10
2118,334,26
548,188,12
798,230,14
834,222,15
803,276,12
3025,737,16
1889,383,19
727,209,11
4119,250,68
2110,330,25
901,213,17
727,221,13
997,230,15
6331,295,84
748,248,12
639,215,11
1647,298,21
743,257,11
4805,332,48
827,264,13
754,215,14
1620,259,25
3751,329,44
2772,337,32
888,275,12
1095,288,14
856,210,16
1280,269,17
4456,396,43
956,214,18
3464,387,38
6684,190,133
843,217,15
1008,221,18
787,251,12
3035,360,32
793,323,10
663,172,15
2609,352,32
1187,287,13
884,231,14
1432,196,27
1185,244,18
2907,312,36
2984,275,42
1415,254,21
1234,257,20
3043,356,32
2614,212,50
847,213,16
787,249,12
860,256,13
1430,251,21
642,229,11
788,253,12
1959,326,23
2624,312,34
1579,203,30
3125,207,57
2772,299,42
772,213,14
2803,246,46
1172,231,21
1220,231,23
2730,347,29
885,212,16
1647,400,14
1072,224,16
1040,216,19
860,199,18
2767,251,43
1782,428,16
1201,354,12
2839,203,60
3019,273,32
634,223,11
698,197,14
2976,241,50
977,289,12
1290,229,22
2359,432,22
1788,300,22
1172,232,21
4111,250,68
719,217,13
1665,320,18
1765,450,15
4704,295,64
2775,341,27
1472,332,16
2312,305,31
4129,250,68
4727,298,64
3071,374,34
2818,250,46
1660,288,22
1536,283,21
1903,383,19
3132,292,48
1566,306,17
844,212,15
2119,277,39
2593,255,38
2195,142,68
5585,288,77
1216,231,23
1797,240,33
7931,302,108
1069,222,17
1578,306,17
1759,243,29
2105,334,26
2117,358,23
6347,288,84
1661,288,22
849,206,15
863,251,13
1218,357,12
3485,502,24
4737,267,57
758,214,14
597,171,12
785,243,12
1321,238,20
23854,244,339
1384,337,15
1540,242,24
995,221,18
1607,274,23
2622,212,50
1430,356,14
3772,315,44
835,195,15
1788,468,15
598,212,11
1447,270,21
885,243,14
1005,192,22
1050,212,19
13166,626,92
2212,208,45
790,270,12
5164,283,78
1661,230,30
1603,234,27
1639,349,16
938,234,15
677,172,15
9542,591,67
1311,282,19
1217,293,16
1161,236,18
1280,308,16
842,203,16
1087,163,26
972,283,12
18866,219,364
1525,242,24
663,242,10
1544,280,21
661,217,12
4670,232,86
1033,229,16
1114,296,15
1775,259,27
1617,382,14
1074,224,16
875,201,16
736,213,14
932,249,15
1306,236,20
1374,247,22
811,252,13
1435,261,21
1106,222,20
1043,228,16
854,201,16
808,230,14
1775,475,15
1021,211,17
654,221,11
633,212,11
819,267,12
1789,404,14
1871,223,34
1211,191,25
705,198,14
1257,358,14
1480,193,31
2281,243,35
1867,223,34
1376,312,16
849,213,16
9851,448,131
5604,288,77
3023,241,51
3058,309,39
827,265,12
1186,244,18
1385,329,15
603,217,11
1253,326,14
1297,170,34
9754,408,96
885,249,13
850,201,16
1462,267,21
1947,202,41
1069,222,17
1405,222,22
1632,399,14
1197,221,21
2688,215,50
922,213,17
2684,215,50
4360,360,58
1316,320,13
1005,321,11
975,247,15
20986,292,286
2253,295,27
1092,236,18
4836,332,48
2800,249,46
23831,244,339
822,257,12
1079,228,16
2783,341,32
12916,418,143
942,294,13
2972,241,50
1307,392,12
1102,221,20
3065,367,34
12533,265,208
3117,295,48
5525,255,80
1567,304,21
1033,249,15
742,214,14
1073,163,26
3542,358,35
845,213,15
2377,432,22
2838,203,60
1039,251,17
741,211,14
1394,313,16
3564,358,35
880,254,14
4453,403,43
985,298,12
2939,264,49
1130,318,14
3062,295,39
1792,300,22
1640,287,23
1484,195,31
775,263,12
775,259,12
2937,251,50
12949,445,143
1755,211,33
1634,293,22
969,246,15
2156,358,23
816,249,13
2970,280,46
2707,466,23
5545,255,80
2770,299,42
4701,241,86
3028,277,32
2118,334,26
748,213,12
9789,409,96
2854,192,54
2773,299,42
1480,396,13
796,264,12
5595,284,76
1086,239,17
1294,315,13
1008,246,16
1648,252,25
1037,205,21
2541,280,39
1335,301,17
2103,180,48
1507,511,10
1075,246,17
1046,246,15
2923,306,36
18243,248,309
1747,240,29
610,223,11
676,228,12
1294,229,22
1142,219,20
1056,312,12
682,196,13
900,213,17
2279,322,28
1120,295,15
9873,448,131
1285,269,17
1007,218,16
1326,277,18
7732,332,90
1050,220,21
1299,325,15
6724,190,133
1630,293,22
1453,263,21
1238,353,14
3548,358,35
732,215,11
1629,209,31
810,270,11
2091,266,39
932,252,14
1220,332,12
1314,236,20
929,243,15
1743,249,29
1376,312,16
623,207,11
1638,293,22
2847,239,49
12902,414,143
818,321,10
1247,320,14
2581,350,28
1093,301,14
3134,293,48
2144,358,23
2305,319,28
1968,202,41
1524,205,32
1257,218,23
3488,502,24
660,246,11
795,263,12
2360,350,25
1031,222,16
2927,304,36
828,219,15
1187,285,13
865,201,16
637,223,11
1506,273,22
2294,235,33
1237,314,14
912,248,14
4713,292,64
2624,212,50
819,243,13
2954,251,50
1740,238,28
1433,354,14
25033,204,549
1434,196,27
1601,298,21
1077,243,16
1168,225,21
740,236,13
1591,259,25
1090,225,20
1039,207,19
8096,295,107
2428,254,38
4123,250,68
1490,357,16
1747,246,29
1110,239,17
2777,299,42
1292,322,15
975,215,17
637,227,11
1282,229,22
858,251,13
4504,408,43
1500,201,31
1525,206,32
916,233,15
1501,291,20
9472,552,67
3071,369,34
4805,335,48
622,222,11
1237,293,16
2964,285,46
2046,245,31
1448,358,14
1396,312,16
1103,219,20
905,200,17
1292,269,17
892,238,14
7740,332,90
867,199,18
2538,210,52
1678,349,16
4734,267,57
2916,267,49
13190,626,92
904,222,15
1501,357,16
6622,218,127
2577,225,50
1635,251,25
1551,243,28
746,236,11
1151,226,22
2291,235,33
876,264,12
1586,625,12
2582,212,50
835,262,13
1561,331,22
1371,334,15
756,262,12
1296,368,13
1146,227,20
2264,295,27
1421,251,21
1674,366,18
2738,249,43
1040,216,21
3200,281,42
1471,159,35
1550,281,21
882,250,13
1087,243,16
4382,360,58
670,237,11
1537,293,21
952,207,20
1041,251,17
1302,316,13
2738,338,29
3075,253,50
640,226,11
1047,312,12
1209,280,16
8135,296,107
1104,398,11
2745,335,32
1791,300,22
1431,253,21
3083,253,50
3749,323,44
956,248,15
1940,229,35
2264,317,31
893,200,17
1037,254,15
2261,295,27
808,330,10
1034,288,14
1130,347,13
1573,306,17
588,188,13
702,245,12
1063,224,16
2038,379,20
1464,244,24
614,205,11
762,199,14
1576,302,21
1296,170,34
6319,316,80
6346,295,84
788,257,11
2494,327,30
2284,323,31
1075,239,17
919,195,18
856,221,15
9861,448,131
1446,366,14
884,330,11
6303,200,135
2853,193,54
1301,314,13
3063,354,32
1982,326,23
1335,296,17
1063,192,22
799,221,14
5912,369,64
1782,283,28
838,219,15
1681,321,20
3142,321,42
6334,204,135
2500,590,17
958,293,12
2422,235,43
1252,255,20
2603,368,27
1075,163,26
1290,308,16
743,269,11
1024,229,16
3200,272,54
1257,218,23
1284,224,19
766,201,14
6318,301,84
1403,222,22
2746,261,41
1635,420,14
821,249,13
3041,289,41
1273,269,17
1460,231,28
2766,345,32
873,254,13
783,264,11
5597,288,77
882,249,14
1441,317,16
1034,208,19
669,225,11
3059,271,46
757,215,14
1021,246,16
2349,216,46
1619,217,31
1325,252,20
1227,231,23
1495,269,21
699,226,11
1036,208,19
1702,286,21
3084,299,43
749,219,14
733,221,13
822,249,13
1643,251,25
4694,239,86
1406,256,21
1030,277,14
2210,212,45
2832,228,49
767,268,12
786,228,14
2382,432,22
1052,303,13
9475,552,67
839,219,15
736,208,14
1497,357,16
2142,358,23
12288,329,150
1589,259,25
2605,355,32
1635,280,23
772,215,14
1637,218,31
777,251,12
810,266,11
1422,336,18
2348,432,22
1264,218,23
751,264,11
637,215,12
4688,349,48
1182,284,13
2958,295,46
2047,324,24
1351,247,22
1652,288,22
3184,341,39
1222,191,25
6323,316,80
4687,347,48
2748,314,32
1509,297,20
1022,211,17
1568,372,18
1106,244,18
1643,287,23
1455,196,27
12520,265,208
1076,229,19
874,255,13
934,253,15
1639,398,14
1524,287,20
1609,285,18
2339,239,46
874,248,13
1542,271,22
1005,339,11
828,252,12
1117,300,15
1153,236,18
1328,245,20
789,258,11
1532,203,32
9893,448,131
1241,357,14
757,206,14
1840,356,20
3548,358,35
2931,308,36
753,263,12
717,242,11
2042,368,20
997,221,18
2610,310,34
2113,330,25
714,194,14
1769,300,22
1550,280,21
1764,210,33
670,236,10
1111,222,20
747,208,14
1060,212,19
1236,356,14
2410,227,43
808,222,14
1026,229,16
13130,626,92
1705,349,16
888,200,17
853,247,12
884,238,14
1279,316,15
692,219,13
2976,298,46
2251,243,35
663,225,11
654,251,10
2614,299,34
1362,247,22
1055,192,22
2918,251,50
1636,218,31
937,292,13
884,212,16
1656,308,21
890,349,11
5911,364,64
890,258,12
552,188,12
977,280,12
13155,259,203
3485,395,38
2414,242,38
4699,241,86
838,208,15
620,180,14
1152,220,20
1074,163,26
1095,225,19
2110,267,39
2999,737,16
2557,272,39
1832,223,34
1198,213,21
950,211,20
990,288,12
5478,255,80
1387,312,16
6336,202,135
743,269,11
1499,230,24
826,215,15
808,209,15
13177,259,203
644,221,11
670,177,15
1531,271,22
875,262,12
737,225,13
2605,281,35
766,211,14
2382,432,22
2617,310,34
1281,229,22
1112,218,21
1140,218,20
760,226,12
1152,224,20
1105,190,23
908,200,17
1488,357,16
1055,311,13
1049,300,13
2986,241,50
805,268,12
598,211,11
1007,208,18
1445,332,16
1656,234,27
1341,252,24
580,184,12
9763,410,96
1768,259,27
777,249,12
736,261,11
1619,251,25
1056,192,22
534,208,9
1322,401,12
2640,368,27
1698,238,30
1476,159,35
4720,267,57
2721,285,32
1809,396,17
2632,354,32
1181,216,21
1111,244,18
1194,290,13
1336,330,15
2750,436,22
1681,366,18
817,280,11
842,210,15
852,245,13
6660,190,133
3048,475,26
795,276,10
683,266,10
699,243,12
1470,269,21
1626,293,22
1794,300,22
804,259,12
3040,282,32
1134,339,13
1069,243,16
1172,236,18
982,233,15
2497,590,17
2327,321,30
1568,206,31
1612,274,23
1438,258,21
1507,157,36
882,218,16
4360,360,58
1436,196,27
4715,267,57
1040,222,16
2752,261,41
1304,387,12
1393,222,22
2594,281,35
924,195,18
1421,190,31
3071,253,50
1332,277,18
1212,191,25
1583,306,17
1079,307,14
2336,308,30
2624,302,34
3824,265,51
884,212,16
1400,336,18
2747,333,29
1113,234,18
2557,280,39
1024,211,17
1647,251,25
812,209,15
868,199,18
771,240,12
2606,281,35
3491,400,38
834,261,12
1806,396,17
1372,312,16
2974,559,20
4738,279,64
2321,214,46
1545,269,21
550,191,12
1283,229,22
919,241,15
599,212,11
12273,334,150
1435,316,17
5552,284,76
690,181,15
1673,320,18
719,243,12
1105,291,15
1005,221,18
2184,289,31
746,211,14
3491,502,24
824,321,10
11979,312,158
1687,338,20
840,218,15
2699,215,50
1263,317,15
3186,281,42
1631,215,31
1792,396,17
801,260,12
1028,229,16
2316,308,30
859,213,16
1692,407,17
1335,252,24
1753,259,27
2738,250,43
775,270,10
9487,552,67
569,157,12
1398,222,22
1068,224,16
825,217,15
3063,371,34
1002,244,15
1246,247,20
1246,231,23
4669,235,86
780,183,16
1220,325,12
1093,215,20
1542,231,28
1225,351,12
2742,254,43
3135,295,48
2295,313,31
1698,282,21
601,173,14
1229,293,16
7981,569,55
1354,247,22
461,171,10
1431,316,17
1114,239,17
823,206,15
1710,299,21
25045,204,549
734,243,12
2605,357,32
24998,204,549
916,240,15
1451,317,16
1759,300,22
1564,328,18
1124,190,23
667,215,12
3185,258,54
1765,208,33
1366,485,11
908,337,11
1630,221,31
1686,366,18
2593,350,28
1244,356,14
1026,251,17
683,256,10
1067,243,16
816,262,12
1202,334,13
1039,222,16
743,269,11
1212,293,16
1688,320,18
4694,341,48
1889,281,24
706,225,11
869,252,12
1152,219,20
1661,280,23
808,232,14
2296,305,31
771,278,10
1276,308,16
1019,246,16
3115,308,43
644,225,11
974,252,15
6427,208,131
2616,271,38
4691,241,86
2713,215,50
4698,294,64
1533,204,32
23826,244,339
863,201,16
2752,242,43
992,221,18
2051,247,31
1284,307,15
1359,312,16
952,214,20
1033,208,19
999,325,11
2686,215,50
1185,284,13
1966,229,35
1976,202,41
9736,393,96
890,218,16
1118,239,17
863,210,16
1002,221,18
1015,211,17
805,248,13
1082,239,17
1458,332,16
1050,192,22
1280,229,22
842,208,15
5929,374,64
1138,224,21
861,223,15
1059,222,21
978,208,18
1034,304,12
2358,432,22
1115,340,13
1051,319,12
789,250,12
20925,300,286
1585,213,31
1039,164,25
910,230,15
2918,251,50
1050,228,20
607,209,11
736,248,11
1639,234,27
2620,281,35
1304,224,19
759,183,16
4727,276,64
683,212,13
1336,270,20
775,207,15
1034,222,16
2606,281,35
2567,280,39
1101,225,19
1910,383,19
749,219,14
1467,332,16
1588,259,25
664,215,11
1434,273,22
1476,244,24
2102,267,39
791,220,14
901,239,14
1634,252,25
1031,207,19
1650,252,25
693,216,13
850,245,13
858,248,13
1545,328,18
2792,332,32
2826,260,46
1424,253,21
1183,225,21
617,218,11
1648,287,23
1030,287,14
652,236,11
1065,218,16
772,183,16
3412,502,24
660,236,11
1039,222,16
963,214,18
3200,351,39
553,194,12
3026,231,51
1318,330,15
1088,246,17
679,210,13
6623,224,127
819,261,13
1500,289,20
3076,368,34
766,215,14
1544,237,28
1540,271,22
1035,280,14
1315,235,20
1304,254,20
3480,382,38
1043,207,19
1365,312,16
1289,229,22
1614,251,25
1643,252,25
1422,260,21
1323,236,20
1550,271,22
1829,396,17
679,232,12
689,220,11
7920,293,108
866,210,16
1314,319,13
1569,306,17
5926,368,64
3193,281,42
3040,303,39
863,248,13
2907,310,36
977,293,12
1072,222,17
1097,163,26
3191,345,39
2758,261,41
1500,283,20
2745,261,41
878,221,15
887,268,14
1039,228,21
2053,324,24
728,243,12
1665,230,30
645,230,11
2989,737,16
1113,212,21
1104,225,19
1707,286,21
3024,737,16
873,224,14
1368,313,16
864,203,16
753,219,12
3020,273,32
759,258,11
1283,308,16
2518,315,30
4728,267,57
894,200,17
951,230,16
2587,281,35
1155,224,21
675,227,11
934,231,15
1676,334,19
842,240,12
716,243,12
1781,300,22
1031,251,17
874,163,22
1049,205,21
1401,418,12
1337,277,18
1652,287,23
1019,201,21
1106,221,20
1073,319,13
1200,434,10
3544,358,35
7971,569,55
825,241,12
687,219,11
1806,229,33
1815,428,16
1807,428,16
695,222,11
1249,355,14
1105,214,20
897,200,17
1816,428,16
831,216,15
1642,287,23
1360,301,17
1686,407,17
2899,311,36
3045,366,32
826,224,15
795,257,12
6622,224,127
5115,283,78
2756,246,43
887,212,16
3794,257,51
1685,320,18
1266,269,17
1305,378,13
2270,295,27
984,221,18
25043,204,549
1284,224,19
1903,383,19
1086,228,16
18853,219,364
852,227,15
2262,295,27
991,244,15
838,222,15
1332,277,18
885,218,16
1658,280,23
1110,389,11
884,218,16
3015,737,16
2591,212,50
775,209,14
759,204,14
855,252,13
919,232,15
1777,453,15
800,267,12
25061,204,549
1275,269,17
1584,259,25
1272,320,15
9901,448,131
2487,204,52
801,228,14
869,235,14
1585,285,18
883,253,12
850,203,16
968,214,18
2315,320,30
1024,246,16
2100,269,39
3029,279,32
1296,377,13
658,230,11
981,293,12
1073,373,11
1074,212,19
887,269,14
1353,247,22
7995,569,55
1096,223,20
712,201,14
910,341,11
1298,282,19
2186,286,31
1037,310,12
1255,218,23
1750,259,27
8135,299,107
1414,222,22
2752,326,32
908,293,11
1426,196,27
667,172,15
2391,432,22
1569,302,21
1309,232,20
980,215,17
1286,229,22
1498,408,13
1245,231,23
2540,215,52
939,230,16
1837,223,34
780,245,12
860,251,13
12566,265,208
1685,314,20
5172,283,78
953,211,20
3019,737,16
1634,561,10
1773,300,22
897,213,17
2070,324,24
4692,239,86
9504,552,67
921,341,11
3077,286,46
1844,357,20
3048,475,26
1806,238,33
3789,327,44
1413,317,16
1808,428,16
559,198,12
974,280,12
2636,215,50
935,195,18
1430,316,17
12974,431,143
1034,229,16
880,218,16
1669,311,20
1574,300,21
3044,289,41
1575,328,18
838,207,15
4123,250,68
1090,225,19
1162,224,20
2431,253,38
2616,346,32
2541,278,39
848,217,15
1148,226,21
2831,203,60
966,211,17
1702,297,21
2643,266,38
3811,265,51
2624,296,34
658,236,11
932,230,16
1785,474,15
1140,236,18
1102,288,15
718,199,14
1058,313,12
3488,502,24
943,230,16
650,225,11
1289,269,17
943,246,15
6616,222,127
866,210,16
1775,265,28
1212,335,13
2323,311,30
1132,221,21
1648,280,23
822,261,12
1718,292,21
528,202,9
1032,280,14
637,233,10
2714,467,23
2664,445,23
2291,233,33
4348,360,58
9727,381,103
1631,234,27
1413,336,18
1017,211,17
1153,227,20
769,213,14
1506,299,20
2848,242,49
1390,417,12
2900,251,50
889,163,22
765,183,16
4378,360,58
963,246,15
1390,222,22
2207,301,31
1384,312,16
1549,271,22
860,233,14
1114,219,21
799,243,12
1042,293,14
1692,407,17
3117,207,57
7903,297,108
2142,330,25
1614,293,22
1792,470,15
19454,252,351
1710,243,30
601,178,14
844,257,12
1135,316,14
1220,293,16
874,203,16
786,258,12
1548,241,28
1105,222,20
1031,246,16
3816,338,44
3049,302,39
746,258,12
3079,368,34
1214,191,25
2954,241,50
783,251,12
1222,231,23
886,201,16
1554,249,28
1164,226,21
752,219,14
2606,281,35
1300,313,13
3167,264,54
912,245,14
701,195,14
2947,274,49
669,212,13
3535,358,35
695,241,12
1244,305,14
2266,312,31
855,212,15
6282,316,80
742,218,14
1393,424,12
519,200,10
2754,320,32
808,276,11
1361,247,22
1140,236,18
848,213,16
2232,215,45
2419,236,43
828,217,15
1212,347,12
1121,395,11
12289,319,150
2845,253,46
1662,288,22
3105,253,50
13111,626,92
3061,292,39
4400,360,58
2849,235,49
1639,287,23
2967,296,46
1757,259,27
866,199,18
4506,420,52
2666,368,27
1400,313,16
600,194,11
2553,277,39
2110,276,39
1288,229,22
1250,231,23
1148,311,14
1860,365,20
3478,502,24
670,240,10
2770,341,27
2207,204,45
810,317,10
1337,252,24
691,164,16
672,258,10
1680,320,20
2205,303,31
608,219,11
948,294,13
1096,244,18
1040,222,16
1328,250,20
581,179,13
897,292,11
2637,308,34
1183,284,13
1057,222,17
1949,229,35
597,197,11
1967,229,35
2451,269,38
560,195,12
3123,279,48
2513,307,30
857,213,16
600,203,11
723,296,9
743,269,11
972,280,12
612,181,14
1025,203,21
667,216,12
864,248,13
684,259,10
641,179,14
1140,214,21
1166,218,21
839,273,13
2729,344,29
25000,204,549
2182,290,31
1032,229,16
1074,239,17
1004,306,11
2102,274,39
1570,306,17
841,277,11
5904,375,64
1909,383,19
2838,238,49
1284,320,15
2956,272,49
4462,399,43
947,238,15
827,218,15
657,225,11
2783,351,32
1582,259,25
1389,420,12
1198,443,10
1029,229,16
1105,225,19
1185,232,21
1678,334,19
871,254,13
1043,229,16
797,264,11
1697,233,30
807,266,11
3126,300,48
7993,569,55
1659,334,19
1117,293,15
1571,207,31
643,231,11
1707,294,21
2833,239,49
1028,251,17
2069,256,31
1610,415,14
1499,146,36
1381,313,16
2225,209,45
1106,244,18
1770,474,15
877,218,16
1468,269,21
2612,355,32
1279,308,16
6636,212,127
599,176,14
9489,552,67
848,218,15
1151,226,22
643,219,11
618,222,11
1492,357,16
1218,355,12
20941,304,286
987,245,15
586,187,12
831,277,12
764,183,16
742,247,12
850,254,13
1152,226,22
1109,234,20
12014,330,158
1058,212,19
2129,358,23
2374,432,22
2576,339,28
905,213,17
1456,332,16
12524,265,208
2124,358,23
1068,224,16
2131,358,23
1157,225,21
1024,211,17
1640,288,22
1349,301,17
19479,259,351
778,263,12
1859,362,20
1083,243,16
1921,281,24
2833,203,60
1070,212,19
1139,221,21
1056,222,17
1347,301,17
3752,329,44
638,218,11
1463,317,16
1346,322,15
598,219,11
1567,328,18
2054,251,31
1515,289,21
1179,234,20
1084,163,26
1534,204,32
5910,388,64
821,214,15
1546,290,21
1078,212,19
906,243,14
967,214,18
834,271,12
811,272,12
1052,212,19
1294,224,19
1295,282,19
1147,217,21
2313,313,30
861,199,18
820,219,15
746,255,12
2041,252,31
1038,228,16
799,223,14
4538,416,52
785,255,11
1068,312,12
1569,331,22
2772,341,27
1035,249,15
1392,336,18
923,234,15
1589,285,18
18872,219,364
25060,204,549
1669,320,18
5585,284,76
1403,336,18
1259,218,23
2961,287,46
1084,246,17
903,288,11
2447,258,38
7685,332,90
8156,299,107
834,222,15
1745,242,29
1394,403,12
1770,274,28
3129,294,48
1119,190,23
824,246,13
2606,212,50
1250,256,20
1443,317,16
1309,282,19
1074,212,19
2624,297,34
7935,306,108
1046,255,15
1100,244,18
1215,191,25
4466,398,43
2764,341,27
9467,552,67
1488,230,24
1097,225,19
865,257,13
644,177,14
1690,320,20
953,207,20
1561,306,17
2536,320,30
2965,241,50
1139,226,22
702,192,14
3187,281,42
1794,240,33
1353,247,22
3066,305,43
1243,311,14
1310,230,20
1087,243,16
803,258,12
1982,202,41
1287,308,16
1085,163,27
2942,274,49
2717,307,32
822,322,10
1240,339,14
1502,357,16
1074,239,17
1182,227,21
11950,312,158
1561,372,18
12520,265,208
610,209,11
1218,280,16
602,213,11
9893,448,131
949,230,16
677,258,10
1031,287,14
1014,222,16
842,228,15
1066,287,14
1368,247,22
2687,444,23
774,219,14
1502,242,24
1379,337,15
1484,357,16
1971,202,41
859,203,16
1115,215,21
1769,229,28
1004,221,18
730,216,11
1664,211,30
609,209,11
2298,297,31
641,220,11
866,199,18
2772,299,42
648,235,11
1129,290,15
828,251,13
1256,224,19
759,271,10
2496,590,17
2249,295,27
1070,163,27
916,235,15
1621,293,22
1106,190,23
956,296,13
904,228,15
1171,219,20
1066,320,13
2249,295,27
847,244,14
1409,336,18
2142,330,25
945,230,16
2629,260,38
4725,361,48
2272,243,35
1689,366,18
1315,312,13
1060,224,16
2951,559,20
1693,334,19
1416,316,17
867,283,11
858,213,16
2442,241,43
3048,302,39
1665,280,23
905,195,18
654,172,15
1438,196,27
762,229,12
1683,407,17
937,308,11
4694,350,48
980,291,12
608,169,14
2691,215,50
1142,226,22
5917,369,64
1502,230,24
762,258,12
830,273,13
2845,189,54
1656,252,25
3089,253,50
594,188,13
777,241,12
741,210,14
13108,259,203
1074,224,16
705,190,14
1537,242,24
9831,448,131
1432,267,21
7705,332,90
999,221,18
2745,331,32
1138,190,23
3025,360,32
1394,222,22
1339,301,17
1515,515,10
1065,164,25
2998,289,41
3166,281,42
1408,316,17
861,248,13
1086,246,17
1630,293,22
4671,348,48
642,222,11
1896,383,19
3469,380,38
671,234,11
1223,364,12
9688,383,96
3032,282,32
879,218,16
797,256,12
1610,274,23
1316,316,13
791,262,11
838,221,15
814,272,12
1352,296,17
602,213,11
4734,267,57
2917,251,50
784,264,11
3033,289,41
1549,250,28
780,216,14
2318,233,46
1198,222,21
903,236,15
1116,190,23
865,213,16
1465,401,13
4702,284,64
1443,196,27
2055,324,24
953,250,15
671,180,15
3056,367,34
1342,277,18
1512,230,24
1314,396,12
2488,205,52
1079,239,17
1762,242,28
1629,251,25
756,221,14
2634,368,27
12933,445,143
917,243,15
670,243,11
1300,170,34
1544,292,21
806,259,12
5522,255,80
1530,517,10
1922,383,19
882,268,14
2965,277,46
838,255,12
2027,324,24
862,210,16
1643,280,23
1039,251,17
725,227,11
1963,202,41
1035,213,21
1213,244,18
1897,383,19
814,268,12
1069,239,17
1802,428,16
933,195,18
12003,327,158
798,232,14
4817,329,48
1099,233,20
4727,267,57
2639,368,27
2431,252,38
857,254,12
3014,275,32
584,182,13
2338,350,25
1149,295,16
833,252,12
735,209,14
846,217,15
1086,219,20
918,343,11
753,262,12
1116,217,21
1236,254,20
904,244,14
2038,247,31
2634,302,34
9692,381,103
852,210,16
1076,229,19
3079,475,26
570,188,12
1042,246,16
1572,328,18
971,215,17
6333,295,84
863,256,12
1167,217,20
920,250,14
1195,244,18
25022,204,549
1070,222,17
1474,317,16
1980,202,41
12242,339,150
2998,737,16
868,201,16
3824,272,51
732,212,14
1113,213,20
1059,311,13
3474,384,38
4800,331,48
791,221,14
922,290,11
1063,222,17
819,283,11
955,255,15
1645,302,21
1197,359,12
6330,310,84
1551,331,22
2638,368,27
635,232,11
3115,306,43
592,186,12
5125,283,78
1243,305,14
915,350,11
558,196,12
783,259,12
1630,293,22
2584,212,50
1879,223,34
940,296,13
6422,208,131
916,200,17
872,246,13
976,243,15
837,221,15
1111,225,19
2767,341,27
1568,209,31
1027,208,19
11924,317,158
860,250,13
1050,312,12
1568,331,22
921,195,18
740,237,12
2540,211,52
1078,192,22
723,302,9
731,209,14
1296,282,19
879,230,13
1049,222,16
1272,282,19
669,170,15
663,219,12
656,211,13
1085,213,20
1082,222,17
1065,291,14
1164,225,20
7975,569,55
1237,218,23
1404,420,12
19456,256,351
2530,204,52
1065,254,15
1034,208,19
1032,218,16
567,198,12
4460,401,43
839,211,15
1542,271,22
1965,202,41
886,249,14
3073,253,50
870,203,16
675,259,10
750,222,14
687,262,10
1338,247,22
19490,256,351
1683,328,20
1141,236,18
6357,211,135
2769,341,27
1398,336,18
1086,228,16
6322,316,80
1739,243,29
862,228,14
2701,215,50
1432,317,16
2846,232,49
1436,196,27
2969,296,46
1666,223,30
1133,310,14
815,240,13
1686,315,20
818,232,14
1062,224,16
1375,313,16
1318,389,12
9468,552,67
1282,319,15
648,219,12
882,226,14
1014,211,17
1641,438,14
949,230,16
2611,268,38
2345,316,30
1221,344,12
1139,218,21
1132,190,23
2827,247,46
2386,432,22
1178,198,21
1753,232,28
1195,213,21
750,227,12
1616,274,23
745,247,12
1874,361,20
2739,339,29
687,240,12
12875,431,143
1340,253,20
1288,308,16
1228,231,23
811,229,14
2237,205,45
677,235,10
557,189,12
1660,215,30
688,227,13
7703,332,90
611,207,11
1023,251,17
2104,181,48
2193,285,31
2275,243,35
1074,212,19
664,216,12
1765,212,33
2761,298,32
1705,234,30
2328,226,46
1383,312,16
625,223,11
766,183,16
1089,371,11
12242,336,150
2978,241,50
12002,322,158
601,177,14
5602,288,77
604,212,11
1028,246,16
20898,297,286
830,274,13
621,221,11
783,253,12
869,244,14
585,192,12
1339,252,24
2301,306,30
1041,222,16
2751,261,41
1371,312,16
703,195,14
1469,368,14
965,284,12
4723,267,57
1645,252,25
785,240,12
1080,243,16
1758,250,29
1135,315,14
4126,250,68
1217,337,13
3184,351,39
961,245,15
1661,320,18
523,200,10
1341,252,24
658,227,11
1245,354,14
4676,241,86
1339,296,17
1001,208,18
2278,318,28
894,235,14
1296,224,19
701,251,12
986,215,17
767,183,16
1664,288,22
1507,273,22
1101,219,20
1669,280,23
958,214,20
1391,215,26
1658,280,23
1235,315,14
1154,227,20
1908,383,19
1900,281,24
1312,395,12
4691,291,64
1550,331,22
793,251,12
652,223,12
2586,212,50
1191,327,13
2645,269,38
1561,328,18
2342,350,25
825,214,15
2076,169,48
744,230,13
1343,252,24
3050,312,39
1391,313,16
921,283,11
677,177,15
1786,407,14
25012,204,549
1453,358,14
1858,223,34
1505,369,16
4109,250,68
849,253,13
7098,298,87
1714,299,21
1679,349,16
2481,317,30
1569,328,18
1040,207,19
1325,317,13
2852,257,46
6663,227,127
551,194,12
1208,342,13
2757,253,43
1489,244,24
13138,626,92
784,251,12
723,201,14
18247,245,309
5612,288,77
1112,244,18
7714,332,90
1133,297,15
2054,324,24
1032,251,17
926,245,14
2333,350,25
937,284,13
7930,299,108
5608,288,77
628,205,12
6631,209,127
1061,192,22
2926,270,42
2591,266,38
1304,322,13
1181,279,13
1389,222,22
1801,246,33
700,183,14
1760,259,27
1124,223,21
662,227,11
2947,379,39
2563,378,26
974,246,15
1079,292,14
1210,293,16
781,279,11
1200,435,10
1533,205,32
815,318,10
748,220,12
1411,336,18
2516,307,30
1408,186,31
829,274,13
3174,339,39
758,218,12
2568,207,52
12261,324,150
1123,355,13
1709,290,21
834,261,13
1767,243,28
6607,224,127
3178,281,42
874,258,13
1443,273,21
11968,330,158
1958,202,41
2106,334,26
2623,358,32
2303,350,25
1451,317,16
2727,300,32
853,210,16
4110,250,68
2326,223,46
6361,316,80
850,245,13
8168,298,107
1782,282,28
2607,225,50
764,228,12
895,347,11
3062,360,32
1404,222,22
2734,342,29
1214,191,25
3000,289,41
2350,350,25
1103,216,20
1374,341,15
793,220,14
1229,335,12
1092,239,17
1632,252,25
1619,251,25
23841,244,339
650,250,12
1730,241,28
2728,261,43
2700,215,50
678,234,12
14772,192,329
995,331,11
12991,433,143
831,218,15
1668,320,18
1204,359,12
943,214,18
839,212,16
1666,280,23
3123,311,43
2742,304,32
865,213,16
2924,270,42
5148,283,78
834,286,11
3491,502,24
1442,196,27
1652,252,25
1240,231,23
749,257,11
2269,295,27
1280,269,17
872,247,14
1486,332,16
2719,261,41
5610,288,77
1105,339,13
674,240,10
742,244,12
1569,269,22
679,258,10
1402,222,22
1117,234,18
876,235,14
1743,241,29
783,216,14
790,272,12
647,216,11
1153,226,22
2115,330,25
954,221,18
1053,296,13
751,262,12
1143,295,16
1131,234,18
1497,404,13
4520,409,52
4376,360,58
710,200,14
863,215,15
736,218,14
4123,250,68
1142,400,11
1060,223,21
1638,213,31
1663,215,30
1295,324,15
1843,223,34
1080,229,19
618,221,11
776,204,14
815,285,11
3056,282,46
1031,285,14
855,210,16
676,205,13
799,256,12
1144,312,14
834,203,15
9511,593,67
873,240,14
1408,215,26
1692,407,17
865,251,12
784,251,12
1042,207,19
1145,226,22
1751,251,29
1558,331,22
2833,235,49
2283,243,35
1221,231,23
1686,366,18
817,319,10
797,227,14
709,184,14
2591,212,50
1142,236,18
2184,294,31
1799,482,15
1760,250,29
807,282,11
2483,590,17
871,233,14
725,292,9
1036,228,16
1055,222,16
1107,233,20
705,197,14
690,254,10
1522,290,21
1390,222,22
3195,263,54
2483,590,17
2735,342,29
1570,218,31
2762,253,43
1426,196,27
1071,212,19
2312,223,46
865,226,15
9446,602,67
837,264,13
1054,192,22
1509,230,24
850,207,15
738,210,14
3785,329,44
1025,207,19
2282,309,31
837,212,15
1644,293,22
1290,269,17
1083,229,19
1088,243,16
1359,301,17
910,246,14
1066,218,16
882,231,14
3206,354,39
6386,200,135
889,262,12
811,201,16
1772,300,22
12967,421,143
843,220,15
6657,190,133
2335,232,46
1586,259,25
799,228,14
2303,243,40
4685,344,48
865,213,16
2552,378,26
670,250,10
1573,301,21
1198,231,21
6346,201,135
1052,222,17
858,199,18
2565,287,39
1315,240,20
2701,215,50
1698,407,17
1985,326,23
1255,320,14
1746,241,28
794,264,12
1363,247,22
1819,230,33
2633,280,38
922,243,15
678,261,10
1497,273,22
1078,293,14
685,240,12
2973,275,49
1544,242,24
741,262,10
596,190,13
561,192,12
2740,250,43
1221,191,25
1138,219,21
869,246,13
1032,207,19
1030,200,21
9652,559,68
1417,336,18
4733,267,57
775,248,12
968,208,18
1676,323,20
1288,229,22
812,327,10
1652,320,18
9464,552,67
2547,270,39
1094,233,20
805,321,10
1695,366,18
1004,246,16
1519,230,24
1560,306,17
1466,230,24
4797,337,48
688,209,13
1118,395,11
2910,323,36
814,276,12
2031,247,31
1213,293,16
1221,191,25
3464,375,38
1808,396,17
855,203,16
1454,240,21
1428,196,27
1182,451,10
6285,316,80
1091,224,16
1147,354,13
1665,334,19
682,256,10
1844,223,34
1445,317,16
1104,244,18
705,188,14
660,232,11
1680,349,16
847,260,12
2962,269,49
938,250,15
1565,210,31
2929,303,36
2493,590,17
1406,430,12
1037,245,15
2998,275,42
1794,396,17
3114,290,48
1657,234,27
790,251,12
25036,204,549
595,159,12
6602,212,127
663,244,11
2049,255,31
594,183,13
2296,243,40
1880,365,20
1569,205,30
1335,277,18
947,239,15
920,230,15
2382,432,22
2914,251,50
2562,225,50
974,237,15
641,229,11
747,239,11
682,242,11
9889,448,131
557,199,12
1553,331,22
2123,334,26
865,246,13
2565,225,50
1022,218,16
2551,345,28
897,218,16
612,175,14
1187,282,13
1388,324,15
846,225,15
835,327,10
636,222,11
2283,316,31
1353,247,22
779,256,12
694,197,14
791,244,12
1209,244,18
1082,229,19
2323,302,30
1119,239,17
1663,231,30
2434,248,43
865,257,13
1694,234,30
1035,229,16
1509,273,22
792,318,10
836,222,15
698,182,14
2278,228,33
2296,243,40
796,270,11
3107,300,43
3484,502,24
871,199,18
1704,242,30
1672,334,19
701,241,12
733,241,12
1134,400,11
2301,243,40
13094,259,203
2185,287,31
1210,244,18
1079,163,27
770,237,12
1768,237,28
592,179,14
1639,287,23
3200,262,54
1108,239,17
6332,202,135
2486,590,17
743,269,11
3484,381,38
3021,272,32
1518,230,24
1689,349,16
836,217,15
871,258,13
953,215,20
1075,228,16
716,293,9
1321,383,13
3058,287,46
809,265,12
18914,219,364
1119,190,23
1084,228,16
643,231,11
1034,208,19
1807,428,16
1291,170,34
2778,299,42
798,258,12
707,188,14
2044,253,31
660,240,11
648,225,12
1967,202,41
1298,257,20
1078,220,20
2634,364,32
2263,243,35
5526,255,80
1655,320,18
638,219,11
5586,284,76
1064,309,13
1667,349,16
663,179,15
23847,244,339
4457,402,43
2490,590,17
2731,311,32
970,242,15
4683,351,48
808,241,12
9780,401,96
1164,226,22
1034,209,21
1753,233,28
562,194,12
1638,288,22
1084,222,20
1803,396,17
1802,428,16
1040,207,19
1044,218,16
1147,215,21
2619,368,27
2953,294,46
1553,243,28
5568,255,80
4829,335,48
2111,330,25
2921,270,42
2652,463,23
1918,383,19
7923,302,108
863,246,13
2337,350,25
919,195,18
6368,298,84
3219,283,54
763,230,12
1445,196,27
1400,339,15
13081,626,92
1218,337,12
1097,239,17
1081,163,26
19428,250,351
2533,323,30
1401,215,26
627,223,11
3115,321,42
4496,413,52
4687,343,48
4535,411,52
1549,271,22
1775,477,15
9787,393,96
2513,310,30
685,247,10
627,218,11
3780,335,44
830,218,15
601,172,14
2304,322,31
6325,198,135
2289,243,40
1880,374,20
1166,225,20
1110,225,19
1057,226,21
1403,313,16
679,239,11
1365,247,22
1197,205,21
1113,293,15
651,236,11
929,301,11
2600,212,50
1494,273,22
819,279,11
983,301,12
1058,192,22
2107,273,39
3135,291,48
905,232,15
615,214,11
1306,303,13
723,243,11
1414,179,31
986,215,17
1548,328,18
2590,281,35
1503,357,16
9673,566,68
1295,381,12
1625,421,14
2272,321,28
2742,247,43
8142,302,107
1490,230,24
1024,229,16
855,242,14
959,215,20
1022,251,17
1088,363,11
877,252,14
1558,294,21
646,233,11
1596,274,23
2586,225,50
6484,208,131
2141,358,23
1592,269,22
1367,247,22
1243,316,14
795,219,14
1675,327,20
2981,275,42
827,321,10
2747,305,32
3177,281,42
2730,351,29
1672,349,16
1156,226,22
6345,316,80
879,212,16
1707,246,30
663,216,12
1544,203,32
1159,228,21
1330,252,24
1353,296,17
2637,368,27
1143,213,21
1146,219,21
2109,334,26
1785,300,22
1124,310,14
4671,342,48
1440,260,21
1192,244,18
1893,281,24
1016,211,17
1072,239,17
1865,352,20
662,238,11
1184,225,21
1447,317,16
845,201,16
813,272,12
2281,309,28
845,219,15
2840,246,49
1063,243,16
587,187,13
746,212,14
1573,331,22
900,218,16
1750,207,33
1560,328,18
2741,261,41
1577,328,18
2046,383,20
1032,251,17
863,210,16
1638,222,31
1056,218,16
2668,215,50
2598,212,50
1800,428,16
1094,244,18
20929,293,286
12037,321,158
1451,238,21
1018,282,14
673,264,10
2758,327,32
3483,393,38
1327,254,20
1501,230,24
622,218,11
894,335,11
6293,316,80
3082,363,34
665,218,11
771,183,16
12519,265,208
847,255,12
875,225,14
2584,225,50
2552,268,39
1181,343,12
746,255,11
2612,368,27
796,250,12
1529,431,13
6324,310,84
2954,546,20
803,234,13
12227,332,150
2583,212,50
857,245,13
939,214,18
861,247,13
4380,360,58
2743,305,32
1289,308,16
4720,267,57
1799,396,17
683,239,10
1300,225,20
1252,315,14
849,213,16
2822,203,60
3127,321,42
1066,212,19
1041,229,16
1392,422,12
872,203,16
879,230,14
1451,262,21
18275,260,309
1674,366,18
1802,428,16
1294,282,19
1551,302,21
1684,366,18
1112,219,20
657,230,11
985,215,17
1394,495,11
4697,284,64
1217,341,13
798,222,14
1639,293,22
852,250,13
2977,241,50
1666,334,19
1222,344,13
18239,238,309
686,226,13
768,194,14
750,274,10
775,215,14
795,233,12
1070,309,13
1141,317,14
846,222,15
1027,216,19
1016,246,16
1088,228,16
1601,274,23
1125,234,18
710,164,16
832,223,15
7935,301,108
712,197,14
824,285,11
2764,252,43
976,221,18
1304,269,17
866,261,13
1217,280,16
1487,206,31
726,226,13
727,225,13
1035,251,17
9742,409,96
1529,271,22
1036,208,19
601,180,14
12271,308,150
1848,363,20
1641,220,31
931,354,11
683,246,11
864,255,12
841,276,13
1031,207,19
1231,352,14
932,230,16
2926,251,50
2107,330,25
831,245,13
1368,313,16
652,216,12
1092,163,26
2280,243,35
1791,396,17
1080,229,19
1709,244,30
609,170,14
2129,334,26
883,254,14
1646,280,23
4122,250,68
1029,246,16
1072,243,16
643,253,12
784,219,14
2533,272,39
901,200,17
1183,222,21
905,200,17
1398,313,16
1942,383,19
1070,163,26
4523,417,52
2976,275,42
743,269,11
1456,317,16
3528,358,35
2091,179,48
4791,323,48
1557,209,31
1302,282,19
1140,215,20
2939,275,49
1056,251,17
678,250,11
978,227,17
842,220,15
2302,305,31
1739,259,27
1212,191,25
23840,244,339
1644,252,25
773,214,14
659,187,14
858,215,15
2446,245,43
694,204,13
1557,372,18
1109,340,13
1595,274,23
603,175,14
3198,281,42
1652,234,27
660,225,12
890,212,16
1092,229,19
5609,288,77
2070,324,24
1028,229,16
593,163,14
1651,280,23
2833,255,46
875,263,12
1169,224,21
2047,385,20
1327,254,20
1520,292,20
3126,321,42
716,224,11
2242,295,27
795,327,10
1690,273,21
5146,283,78
3192,281,42
733,244,11
3136,312,43
1986,326,23
877,245,14
710,201,14
3116,321,42
1108,234,18
2851,203,60
2387,432,22
1081,219,20
1331,252,24
615,213,11
3061,305,39
1296,224,19
1074,163,26
1574,331,22
1566,306,17
13059,259,203
840,201,16
2583,356,28
845,251,13
677,260,10
3111,321,42
2366,432,22
8141,307,107
3491,502,24
1968,229,35
1036,245,15
689,237,12
891,220,14
1110,218,21
1415,336,18
5129,283,78
813,314,10
4376,360,58
1128,296,15
938,245,15
817,228,14
1130,234,18
1295,229,22
2683,215,50
791,221,14
2993,275,42
1122,403,11
1061,212,19
684,246,10
2305,321,28
605,204,11
658,237,11
1125,356,13
2102,334,26
762,216,14
1657,288,22
6339,204,135
729,208,14
9491,552,67
18229,248,309
853,209,15
697,222,11
594,168,14
1029,222,16
870,203,16
854,213,16
1675,319,20
2939,261,49
879,249,13
3003,737,16
864,256,13
721,214,11
1111,214,21
2048,376,20
866,210,16
7995,569,55
1758,205,33
1315,243,20
1146,230,20
1024,207,21
2284,305,31
1619,213,31
2547,273,39
1290,224,19
1156,236,18
1040,253,15
1481,201,31
1000,208,18
1540,242,24
9474,552,67
924,235,15
1656,234,27
942,251,15
1099,371,11
989,208,18
2698,331,29
2568,339,28
1248,254,20
776,211,14
769,215,14
650,233,11
1647,288,22
7982,569,55
2625,368,27
1673,322,20
9876,448,131
1336,397,12
18846,219,364
801,243,12
9729,396,96
1322,257,20
2313,309,31
1786,467,15
1594,627,12
785,246,12
698,217,13
909,200,17
1059,293,14
703,249,12
857,249,13
1649,225,30
1030,207,19
793,269,11
646,228,11
2269,327,31
2321,301,30
1991,326,23
2134,330,25
13073,259,203
722,223,11
1649,230,30
1732,234,28
1398,180,31
2528,315,30
1156,225,21
1204,360,12
3798,252,51
1554,271,22
1160,226,20
1291,282,19
1900,383,19
3091,253,50
1335,252,24
2051,324,24
784,220,14
2041,376,20
18894,219,364
1023,285,14
1296,170,34
1332,277,18
908,242,14
1194,292,13
728,222,11
1447,359,14
1241,348,12
692,234,11
1601,274,23
1807,396,17
2959,275,46
1898,281,24
1777,280,28
1669,320,18
3023,289,41
2958,375,39
1423,316,17
4378,360,58
2842,236,49
794,269,12
1992,202,41
793,217,14
919,195,18
1311,233,20
1075,163,26
2749,246,43
607,166,14
1297,382,12
909,228,15
986,215,17
1315,330,13
597,203,11
1396,222,22
2562,343,28
2634,368,27
4529,412,52
1581,331,22
877,251,13
1654,252,25
2360,350,25
1968,326,23
1042,220,21
2437,249,38
1416,316,17
796,246,13
579,163,12
2137,358,23
1060,324,12
1097,229,19
1058,222,16
3212,281,42
2963,567,20
1090,361,11
836,219,15
1203,321,12
755,220,14
2217,301,31
955,213,20
1505,150,36
1043,220,21
1200,280,16
1327,296,17
1604,274,23
943,238,15
1108,239,17
1942,229,35
1624,293,22
1519,286,20
585,184,13
1698,407,17
1110,239,17
1406,499,11
1631,293,22
1683,407,17
12002,316,158
2138,358,23
1081,220,20
4724,261,86
1036,247,15
983,221,18
1155,221,21
674,232,11
669,223,11
905,285,11
2601,281,35
1661,288,22
599,203,11
1510,283,20
728,221,11
1642,434,14
864,201,16
1200,222,21
834,273,13
1661,280,23
2741,330,29
1115,293,15
1153,320,14
3774,321,44
1981,202,41
759,183,16
2580,337,28
2606,303,34
1216,334,12
948,252,15
1425,198,31
1602,274,23
636,216,12
1225,231,23
963,246,15
1014,211,17
2916,270,42
741,218,14
1628,215,31
698,251,12
3194,262,54
628,214,11
727,238,12
1222,323,12
2555,378,26
578,180,12
1731,235,28
947,299,13
2767,299,42
2977,275,42
859,241,14
707,213,11
2311,243,40
1299,170,34
1088,293,14
865,199,18
1567,217,31
1859,358,20
2423,238,43
1740,259,27
911,200,17
772,201,14
837,254,12
3076,253,50
1029,246,16
993,227,17
2744,334,32
1798,428,16
1156,226,22
836,199,15
2503,590,17
2557,338,28
1242,258,20
670,144,20
1830,223,34
2345,350,25
557,194,12
1735,244,29
3035,289,41
3110,321,42
754,183,16
2279,243,35
1297,308,16
6517,208,131
851,208,15
3060,316,39
4728,267,57
3191,344,39
858,239,14
2959,277,46
827,270,12
877,246,14
915,213,17
1475,230,24
1493,230,24
1519,296,20
1129,398,11
2761,436,22
705,192,14
749,254,12
2925,251,50
1135,217,20
1732,295,22
1390,424,12
1505,273,22
2722,261,41
886,269,13
1073,243,16
780,251,12
591,166,12
666,227,11
1104,239,17
2553,341,28
1765,275,28
1819,396,17
7952,569,55
1070,212,19
1343,262,20
2574,378,26
6467,208,131
725,220,11
1312,308,13
1769,300,22
1148,299,15
1042,216,19
1559,328,18
1197,424,10
1180,227,21
889,232,15
1327,395,12
1096,285,14
845,253,13
929,248,15
2671,446,23
793,265,12
4652,232,86
778,201,14
1633,234,27
886,280,12
1089,163,26
6323,316,80
2559,207,52
784,268,11
793,215,14
809,336,10
3034,281,32
7079,286,87
1118,190,23
797,323,10
791,233,13
1703,278,21
6342,310,84
2762,436,22
754,259,12
880,239,14
1289,229,22
461,176,10
1070,222,17
2327,231,46
1619,293,22
977,251,15
1490,357,16
1133,190,23
1512,208,31
9919,448,131
938,237,15
1409,222,22
2586,281,35
2320,319,28
1115,346,13
600,192,12
5134,283,78
594,189,13
6351,312,84
595,213,11
1022,286,14
955,214,18
1015,208,18
13044,259,203
2737,248,43
1079,224,16
13108,259,203
1794,234,33
1126,190,23
4470,393,43
2616,359,32
2425,234,43
1373,313,16
1650,321,20
656,141,20
644,219,12
1649,287,23
1865,357,20
798,260,12
835,291,11
851,219,15
2273,243,35
1280,316,15
1277,229,22
2018,324,24
1068,224,16
1189,283,13
842,223,15
2609,357,32
1319,245,20
1533,242,24
1163,222,21
2623,281,35
1700,349,16
1564,331,22
1689,407,17
943,247,15
1619,251,25
796,241,12
1314,321,13
1305,224,19
888,218,16
683,230,11
3478,502,24
2620,272,38
1568,306,21
2113,330,25
799,254,12
1063,192,22
770,257,12
848,221,15
2948,277,49
1395,215,26
1203,244,18
688,207,13
1391,222,22
5511,255,80
1494,206,31
832,201,16
2286,229,33
1685,349,16
1304,231,20
3028,277,32
1468,332,16
956,214,20
743,269,11
908,279,12
25018,204,549
1228,231,23
968,243,15
2757,299,42
1128,239,17
679,211,13
1691,237,30
1877,373,20
597,194,11
763,183,16
9660,577,68
690,198,13
2104,272,39
843,204,15
842,245,14
1490,399,13
2100,334,26
18247,251,309
1983,326,23
1599,616,12
2744,261,41
5578,288,77
2772,299,42
4689,339,48
910,245,15
1766,300,22
1067,163,26
2263,322,31
2632,296,34
1794,236,33
6366,316,80
1517,291,20
655,230,11
1806,428,16
1451,359,14
6338,297,84
1249,218,23
879,246,13
1661,234,27
921,243,14
3184,281,42
849,217,15
884,238,14
2618,365,32
5509,255,80
3180,256,54
1236,231,23
1122,309,14
1965,202,41
3485,392,38
821,273,12
816,247,13
660,212,12
3056,306,39
3145,298,48
1077,370,11
1572,331,22
12264,331,150
2951,241,50
1597,274,23
1142,213,21
1120,333,13
1441,196,27
1974,202,41
2694,446,23
2931,326,36
1347,277,18
2583,225,50
823,273,13
1319,383,13
1120,244,18
2262,243,35
2834,236,49
1575,259,25
1067,367,11
734,234,13
986,221,18
793,251,12
1079,317,12
867,210,16
1084,239,17
598,203,11
1613,251,25
955,230,16
1059,312,13
1341,301,17
3062,475,26
599,166,14
858,244,13
793,260,12
985,240,15
592,185,13
780,266,11
1639,234,27
1082,246,17
3131,296,48
921,236,15
1308,282,19
3119,315,43
1231,231,23
1211,310,14
1087,228,16
1334,323,13
638,220,11
812,255,12
1764,300,22
2264,295,27
1418,316,17
5571,284,76
1602,234,27
1651,288,22
1434,316,17
815,269,11
1585,274,23
769,240,12
743,269,11
1021,211,17
2088,180,48
1095,300,14
780,249,12
18243,251,309
799,247,13
1491,204,31
1246,313,14
9608,579,68
1542,208,32
13096,259,203
799,238,14
12964,433,143
740,244,12
2294,240,33
8162,298,107
1512,411,13
811,229,14
1805,300,22
1095,232,20
1046,223,21
1142,217,20
3061,253,50
1222,333,12
1161,227,21
2916,267,49
2954,380,39
1090,225,20
5131,283,78
679,168,15
1480,244,24
943,272,12
908,230,15
1113,297,15
870,199,18
1433,359,14
1126,234,18
1231,257,20
9477,552,67
8151,299,107
2063,324,24
1102,305,14
1506,273,22
1432,353,14
1276,229,22
1180,281,13
749,212,14
641,219,12
697,218,11
6321,199,135
2266,315,31
1221,249,20
760,212,14
588,200,11
2626,276,38
1301,319,13
1047,207,21
1446,263,21
1061,243,16
1392,422,12
4129,250,68
1768,238,28
2543,216,52
612,216,11
2602,281,35
1659,320,18
674,227,11
896,275,12
1743,259,27
2248,243,35
629,220,11
2305,304,31
1096,225,19
583,165,12
1045,218,16
1701,295,21
3515,358,35
684,213,13
1036,251,17
1649,251,25
1003,208,18
1181,221,21
1489,202,31
5915,370,64
2047,324,24
4687,274,64
858,235,13
1062,313,13
605,176,14
1063,192,22
2955,280,49
1653,280,23
735,229,13
784,270,12
1637,295,21
1551,331,22
891,212,16
951,290,13
645,217,12
2783,335,32
1432,316,17
1145,313,14
1488,357,16
1573,216,31
1350,252,24
1250,218,23
4723,298,64
1620,251,25
1040,291,14
2930,251,50
1064,222,17
623,217,11
1701,281,21
5577,284,76
826,253,13
13116,259,203
3007,289,41
3188,257,54
915,286,11
2103,334,26
1342,252,24
2095,330,25
1435,196,27
761,210,14
1704,239,30
1246,218,23
844,216,15
1143,350,13
3121,288,48
3534,358,35
806,229,14
2792,339,32
684,235,10
742,212,14
6635,216,127
1035,304,12
1662,310,21
940,230,16
1336,277,18
1068,300,14
743,269,11
1024,207,19
805,224,14
2102,334,26
868,254,13
1382,345,15
1174,216,20
1482,205,31
2129,330,25
983,311,11
763,255,12
2903,311,36
858,199,18
5141,283,78
1793,300,22
733,229,11
2279,324,31
1008,246,16
779,274,12
1398,215,26
